Name,Category,Phase,Version,Modified,Size,Extension
"hcvlang-modint.rs",HCVLang,,0,2025-10-10T01:08:37.816619,19320,.rs
"hcvlang-core-types.rs",HCVLang,,0,2025-10-10T01:08:43.756696,15847,.rs
"hcvlang-testing-framework.rs",HCVLang,,0,2025-10-10T01:08:50.847787,41274,.rs
"hcvlang_holographic_geometry_complete.rs",HCVLang,,0,2025-10-10T01:08:54.728837,29647,.rs
"hcvlang_holographic_geometry.rs",HCVLang,,0,2025-10-10T01:08:59.184895,58696,.rs
"hcvlang_continuation.rs",HCVLang,,0,2025-10-10T01:09:03.580951,79309,.rs
"hcvlang_implementation_status(1).md",HCVLang,,1,2025-10-10T01:09:10.729044,12391,.md
"hcvlang_implementation_status.md",HCVLang,,0,2025-10-10T01:09:10.734044,12391,.md
"uca_core_implementation.py",UCA,,0,2025-10-10T01:09:24.727224,25721,.py
"hive_gso_proofs.py",GSO/Hive,,0,2025-10-10T01:09:29.343284,25762,.py
"mathematical_proofs_doc .md",Other,,0,2025-10-10T01:09:51.811574,18478,.md
"second_maa_lane.py",MAA,,0,2025-10-10T01:09:58.546893,21423,.py
"maa_qphi_architecture 2.md",MAA,,0,2025-10-10T01:10:15.261877,22955,.md
"complete_integration.py",Other,,0,2025-10-10T01:10:23.876988,24755,.py
"hcvlang_math_integration.rs",HCVLang,,0,2025-10-10T01:11:50.158214,10617,.rs
"hcvlang_math_api_docs.md",HCVLang,,0,2025-10-10T01:11:54.953150,16553,.md
"hcvlang_math_implementation_plan.md",HCVLang,,0,2025-10-10T01:11:59.845212,10264,.md
"hive_gso_proofs(1).py",GSO/Hive,,1,2025-10-10T01:12:52.618883,25762,.py
"hcvlang_math_implementation_plan(1).md",HCVLang,,1,2025-10-10T01:13:35.698198,10264,.md
"hcvlang_math_api_docs(1).md",HCVLang,,1,2025-10-10T01:13:40.685877,16553,.md
"hcvlang_math_benchmarks.txt",HCVLang,,0,2025-10-10T01:14:08.177845,11461,.txt
"hcvlang_math_constants.rs",HCVLang,,0,2025-10-10T01:14:29.034110,16704,.rs
"hcvlang_math_tests.rs",HCVLang,,0,2025-10-10T01:14:36.852209,17070,.rs
"hcvlang_math_rational.rs",HCVLang,,0,2025-10-10T01:14:41.686271,16086,.rs
"hcvlang_math_primes.rs",HCVLang,,0,2025-10-10T01:14:44.384305,14582,.rs
"hcvlang_math_number_theory.rs",HCVLang,,0,2025-10-10T01:14:47.451344,17386,.rs
"hcvlang_math_discrete.rs",HCVLang,,0,2025-10-10T01:14:55.392445,15821,.rs
"hcvlang_math_api_docs(2).md",HCVLang,,2,2025-10-10T01:14:58.489484,16553,.md
"hcvlang_math_combinatorics.rs",HCVLang,,0,2025-10-10T01:15:01.896528,17389,.rs
"hcvlang_math_implementation_plan(2).md",HCVLang,,2,2025-10-10T01:15:05.356572,10264,.md
"hcvlang_math_implementation_plan(3).md",HCVLang,,3,2025-10-10T01:15:15.556701,10264,.md
"qmnf_crt_bigint.rs",CRTBigInt,,0,2025-10-12T00:05:03.473982,19070,.rs
"qmnf_complete_implementation.md",Other,,0,2025-10-12T00:05:20.950214,22274,.md
"qmnf_advanced_optimizations.rs",Other,,0,2025-10-12T00:05:36.224676,25652,.rs
"qmnf_integration_guide.md",Other,,0,2025-10-12T00:05:52.038628,18745,.md
"qmnf_crt_bigint(1).rs",CRTBigInt,,1,2025-10-12T00:06:14.859931,19070,.rs
"qmnf_infinity_repr.rs",Other,,0,2025-10-12T00:06:37.242229,9859,.rs
"qmnf_vcs_analysis.txt",Other,,0,2025-10-12T04:02:59.962716,13110,.txt
"qmnf_vcs_analysis(1).txt",Other,,1,2025-10-12T04:09:18.556041,48573,.txt
"review_summary.md",Other,,0,2025-10-13T20:11:02.026447,8972,.md
"arith_div.rs",Other,,0,2025-10-13T20:11:17.248895,12042,.rs
"arith_mul.rs",Other,,0,2025-10-13T20:11:31.970723,8214,.rs
"arith_gcd.rs",Other,,0,2025-10-13T20:11:49.644886,8193,.rs
"test_suite.rs",Other,,0,2025-10-13T20:12:03.522014,11493,.rs
"api_adapter.rs",Other,,0,2025-10-13T20:12:24.308205,13386,.rs
"integration_guide.md",Other,,0,2025-10-13T20:13:03.069748,10649,.md
"integration_guide(1).md",Other,,1,2025-10-13T20:13:20.767726,10649,.md
"bench_gcd.rs",Other,,0,2025-10-13T20:13:56.009050,5938,.rs
"bench_div.rs",Other,,0,2025-10-13T20:14:14.783648,3901,.rs
"bench_mul.rs",Other,,0,2025-10-13T20:14:35.627825,3581,.rs
"rational_patch.rs",Other,,0,2025-10-13T20:14:56.039604,7701,.rs
"arith_scratch.rs",Other,,0,2025-10-13T20:15:18.106136,2074,.rs
"arith_mod.rs",Other,,0,2025-10-13T20:15:37.735988,396,.rs
"memory_allocation_opt.rs",Other,,0,2025-10-14T04:56:23.978143,8635,.rs
"bigint_division_opt.rs",CRTBigInt,,0,2025-10-14T04:56:40.625868,14700,.rs
"memory_allocation_opt(1).rs",Other,,1,2025-10-14T04:56:54.523113,8635,.rs
"holohd_v4_final.py",Other,,0,2025-10-14T19:54:18.232581,39416,.py
"holohd_v4_final(1).py",Other,,1,2025-10-16T00:12:00.507363,57675,.py
"holohd_v4_final(2).py",Other,,2,2025-10-16T00:12:05.950413,57675,.py
"holohd_qmnf_integration.py",Other,,0,2025-10-16T00:12:33.075658,28242,.py
"holohd_final_report.md",Other,,0,2025-10-16T00:13:09.603989,25544,.md
"holohd_v4_final(3).py",Other,,3,2025-10-16T00:13:33.302204,57675,.py
"holohd_pass4_analysis.md",Other,,0,2025-10-16T00:13:54.777398,15829,.md
"holohd_final_summary.md",Other,,0,2025-10-16T00:14:11.187547,17726,.md
"holohd_refined_v3.py",Other,,0,2025-10-16T00:14:32.660741,45567,.py
"holohd_analysis_pass2.md",Other,,0,2025-10-16T00:14:50.687453,8688,.md
"holohd_refined_v2.py",Other,,0,2025-10-16T00:15:39.435346,61567,.py
"holohd_analysis.md",Other,,0,2025-10-16T00:16:06.383590,7360,.md
"holohd_implementation.py",Other,,0,2025-10-16T00:16:39.240468,38791,.py
"holohd_qmnf_integration(1).py",Other,,1,2025-10-16T16:08:59.004777,51442,.py
"holohd_final_report(1).md",Other,,1,2025-10-16T16:09:14.503962,25544,.md
"holohd_implementation(1).py",Other,,1,2025-10-16T16:11:06.346301,38791,.py
"hcvlang_compiler_refined.rs",HCVLang,,0,2025-10-16T16:11:57.478913,56576,.rs
"holohd_qmnf_integration(2).py",Other,,2,2025-10-16T16:20:23.021908,51442,.py
"holohd_final_report(2).md",Other,,2,2025-10-16T16:20:34.064034,25544,.md
"holohd_v4_final(4).py",Other,,4,2025-10-16T16:20:53.148253,57675,.py
"holohd_qmnf_complete.py",Other,,0,2025-10-16T16:21:40.158792,26932,.py
"holohd_implementation(2).py",Other,,2,2025-10-16T16:22:24.815304,38791,.py
"holohd_analysis(1).md",Other,,1,2025-10-16T16:22:43.810521,7360,.md
"holohd_analysis(2).md",Other,,2,2025-10-16T16:23:14.197954,7360,.md
"holohd_refined_v2(1).py",Other,,1,2025-10-16T16:23:38.677150,61567,.py
"holohd_analysis_pass2(1).md",Other,,1,2025-10-16T16:23:59.460388,8688,.md
"implementation_summary.md",Other,,0,2025-10-16T16:37:17.156593,15529,.md
"quality_review.md",Other,,0,2025-10-16T16:37:29.766963,19189,.md
"deployment_guide.md",Other,,0,2025-10-16T16:37:44.486924,14832,.md
"migration_guide.md",Other,,0,2025-10-16T16:37:59.749108,11547,.md
"readme_md.md",Other,,0,2025-10-16T16:38:29.791471,17642,.md
"build_script.rs",Other,,0,2025-10-16T16:38:49.501710,447,.rs
"test_suite.py",Other,,0,2025-10-16T16:39:07.437927,25633,.py
"errors_rs.rs",Other,,0,2025-10-16T16:39:26.855161,2788,.rs
"batch_ops_rs.rs",Other,,0,2025-10-16T16:39:45.650389,11005,.rs
"apollonian_rs.rs",Geometric,,0,2025-10-16T16:40:03.918610,13613,.rs
"mod_rational_rs.rs",Other,,0,2025-10-16T16:40:23.365845,17431,.rs
"bigint_rs.rs",CRTBigInt,,0,2025-10-16T16:40:42.751079,21288,.rs
"lib_rs.rs",Other,,0,2025-10-16T16:41:03.332328,2988,.rs
"pyproject_toml.txt",Other,,0,2025-10-16T16:41:39.463971,2485,.txt
"bindings_cargo.txt",Other,,0,2025-10-16T16:41:59.949473,745,.txt
"workspace_cargo.txt",Other,,0,2025-10-16T16:42:14.507189,788,.txt
"final_integration_summary.md",Other,,0,2025-10-16T16:52:18.954498,19931,.md
"compute_on_storage.py",Other,,0,2025-10-16T16:52:53.459915,23607,.py
"hive_neural_hpo.py",GSO/Hive,,0,2025-10-16T16:53:11.797127,22061,.py
"phase1_completion.md",Other,1,0,2025-10-16T16:53:32.079356,13887,.md
"phase1_completion(1).md",Other,1,1,2025-10-16T16:53:42.536474,13887,.md
"neural_helix_compiler.py",Other,,0,2025-10-16T16:54:03.378708,27173,.py
"wasan_cosmos_backend.py",COSMOS,,0,2025-10-16T16:54:36.533081,37876,.py
"unified_arch_spec.md",Other,,0,2025-10-16T16:55:17.607544,32558,.md
"deployment_checklist.md",Other,,0,2025-10-16T16:55:50.273465,18652,.md
"complete_integration(1).py",Other,,1,2025-10-16T16:56:16.306204,24755,.py
"second_maa_lane(1).py",MAA,,1,2025-10-16T16:56:44.473521,21423,.py
"mathematical_proofs_doc.md",Other,,0,2025-10-16T16:57:08.789976,18478,.md
"comprehensive_test_suite.py",Other,,0,2025-10-16T16:57:40.693154,25374,.py
"hive_gso_proofs(2).py",GSO/Hive,,2,2025-10-16T16:58:11.799504,25762,.py
"maa_helix_proofs.py",MAA,,0,2025-10-16T16:58:39.192813,24294,.py
"cosmos_proofs.py",COSMOS,,0,2025-10-16T16:59:02.257520,25483,.py
"axiom_proofs.py",Other,,0,2025-10-16T16:59:24.714325,26248,.py
"axiom_proofs(1).py",Other,,1,2025-10-16T16:59:49.354768,26248,.py
"section1_deliverable.md",Other,,0,2025-10-16T17:01:42.260797,9120,.md
"hcvlang_user_guide.md",HCVLang,,0,2025-10-16T17:01:57.455045,14166,.md
"section1_final_review.md",Other,,0,2025-10-16T17:02:31.905432,8210,.md
"frontend_test_suite.rs",Other,,0,2025-10-16T17:02:45.392584,23928,.rs
"frontend_fixes.rs",Other,,0,2025-10-16T17:03:03.838792,29693,.rs
"frontend_fixes(1).rs",Other,,1,2025-10-16T17:03:12.689023,29693,.rs
"section1_quality_review.md",Other,,0,2025-10-16T17:03:24.563025,8422,.md
"hcvlang_typechecker.rs",HCVLang,,0,2025-10-16T17:03:39.797196,27682,.rs
"hcvlang_frontend.rs",HCVLang,,0,2025-10-16T17:04:04.218471,42671,.rs
"hcvlang_typechecker(1).rs",HCVLang,,1,2025-10-16T17:04:32.216787,27682,.rs
"maa_core_arithmetic.rs",MAA,,0,2025-10-16T17:06:04.564826,22571,.rs
"maa_complete_proofs.txt",MAA,,0,2025-10-16T17:06:23.839043,16518,.txt
"maa_formal_lemmas.txt",MAA,,0,2025-10-16T17:06:48.406912,4351,.txt
"maa_api_docs.md",MAA,,0,2025-10-16T17:06:59.558445,15619,.md
"maa_sidechannel_tests.rs",MAA,,0,2025-10-16T17:07:11.452728,12785,.rs
"maa_kat_tests.rs",MAA,,0,2025-10-16T17:07:25.749888,16044,.rs
"maa_property_tests.rs",MAA,,0,2025-10-16T17:07:42.300981,14318,.rs
"maa_acc_glue.rs",MAA,,0,2025-10-16T17:08:00.572241,15626,.rs
"maa_kem.rs",MAA,,0,2025-10-16T17:08:21.823552,16973,.rs
"maa_sidechannel_tests(1).rs",MAA,,1,2025-10-16T17:08:42.118674,12785,.rs
"maa_crypto_primitives.rs",MAA,,0,2025-10-16T17:09:01.914822,24734,.rs
"maa_crypto_types.rs",MAA,,0,2025-10-16T17:09:23.568066,22246,.rs
"maa_crypto_params.rs",MAA,,0,2025-10-16T17:09:42.041358,17940,.rs
"maa_core_arithmetic(1).rs",MAA,,1,2025-10-16T17:10:08.356815,22571,.rs
"maa_core_arithmetic(2).rs",MAA,,2,2025-10-16T17:10:33.946857,22571,.rs
"implementation_summary(1).md",Other,,1,2025-10-16T17:13:13.836649,15529,.md
"quality_review(1).md",Other,,1,2025-10-16T17:13:24.815773,19189,.md
"deployment_guide(1).md",Other,,1,2025-10-16T17:13:36.565904,14832,.md
"migration_guide(1).md",Other,,1,2025-10-16T17:13:49.115045,11547,.md
"readme_md(1).md",Other,,1,2025-10-16T17:14:01.636185,17642,.md
"build_script(1).rs",Other,,1,2025-10-16T17:14:12.121062,447,.rs
"test_suite(1).py",Other,,1,2025-10-16T17:14:24.846446,25633,.py
"errors_rs(1).rs",Other,,1,2025-10-16T17:14:44.793222,2788,.rs
"test_suite(2).py",Other,,2,2025-10-16T17:15:06.174909,25633,.py
"errors_rs(2).rs",Other,,2,2025-10-16T17:15:16.860914,2788,.rs
"batch_ops_rs(1).rs",Other,,1,2025-10-16T17:15:35.339236,11005,.rs
"apollonian_rs(1).rs",Geometric,,1,2025-10-16T17:15:51.755420,13613,.rs
"apollonian_rs(2).rs",Geometric,,2,2025-10-16T17:16:14.577374,13613,.rs
"mod_rational_rs(1).rs",Other,,1,2025-10-16T17:16:31.392864,17431,.rs
"bigint_rs(1).rs",CRTBigInt,,1,2025-10-16T17:16:53.354110,21288,.rs
"lib_rs(1).rs",Other,,1,2025-10-16T17:17:13.553337,2988,.rs
"pyproject_toml(1).txt",Other,,1,2025-10-16T17:17:27.877466,2485,.txt
"bindings_cargo(1).txt",Other,,1,2025-10-16T17:17:42.451504,745,.txt
"workspace_cargo(1).txt",Other,,1,2025-10-16T17:17:53.917938,788,.txt
"qmnf_whitepaper_v1.md",Other,,0,2025-10-16T17:50:27.927653,50981,.md
"qmnf_testing_framework.py",Other,,0,2025-10-16T17:50:55.296424,16036,.py
"qmnf_analysis_testing.md",Other,,0,2025-10-16T17:51:20.742244,51772,.md
"qmnf_quick_reference.md",Other,,0,2025-10-16T17:51:36.904424,12514,.md
"qmnf_api_reference.md",Other,,0,2025-10-16T17:51:50.779166,26274,.md
"qmnf_academic_paper.md",Other,,0,2025-10-16T17:52:05.831175,30505,.md
"qmnf_master_summary.md",Other,,0,2025-10-16T17:52:21.705925,23525,.md
"qmnf_implementation_guide.md",Other,,0,2025-10-16T17:52:46.442202,76359,.md
"qmnf_implementation_guide(1).md",Other,,1,2025-10-16T17:53:13.677506,76359,.md
"cdhs_response_system.rs",Other,,0,2025-10-16T17:54:54.432633,26869,.rs
"cdhs_anomaly_detection.rs",Other,,0,2025-10-16T17:55:18.120507,27868,.rs
"cdhs_executive_status.md",Other,,0,2025-10-16T17:55:38.077373,26595,.md
"cdhs_invariant_engine.rs",Other,,0,2025-10-16T17:56:00.775375,31854,.rs
"cdhs_wire_protocol.rs",Other,,0,2025-10-16T17:56:24.091961,19214,.rs
"cdhs_wire_protocol(1).rs",Other,,1,2025-10-16T17:56:49.680922,19214,.rs
"cdhs_metrics_collection.rs",Other,,0,2025-10-16T17:57:10.032149,19525,.rs
"cdhs_progress_report.md",Other,,0,2025-10-16T17:57:28.264353,20582,.md
"cdhs_invariant_engine(1).rs",Other,,1,2025-10-16T17:57:53.919165,31854,.rs
"cdhs_executive_status(1).md",Other,,1,2025-10-16T17:58:13.120537,26595,.md
"cdhs_anomaly_detection(1).rs",Other,,1,2025-10-16T17:58:34.622095,27868,.rs
"cdhs_master_implementation.md",Other,,0,2025-10-16T17:59:01.882400,23707,.md
"cdhs_wire_protocol(2).rs",Other,,2,2025-10-16T17:59:47.948443,19214,.rs
"cdhs_probe_infrastructure.rs",Other,,0,2025-10-16T18:00:14.305210,18952,.rs
"cdhs_metrics_collection(1).rs",Other,,1,2025-10-16T18:00:47.159818,19525,.rs
"cdhs_progress_report(1).md",Other,,1,2025-10-16T18:01:07.480804,20582,.md
"cdhs_invariant_engine(2).rs",Other,,2,2025-10-16T18:01:29.655052,31854,.rs
"cdhs_executive_status(2).md",Other,,2,2025-10-16T18:01:50.046280,26595,.md
"hcvlang_complete_example.rs",HCVLang,,0,2025-10-16T18:03:03.515087,20629,.rs
"hcvlang_consolidation_spec.md",HCVLang,,0,2025-10-16T18:03:17.389238,39153,.md
"hcvlang_complete_example(1).rs",HCVLang,,1,2025-10-16T18:03:31.507393,20629,.rs
"hcvlang_developer_guide.md",HCVLang,,0,2025-10-16T18:03:43.645525,26937,.md
"hcvlang_architecture_guide.md",HCVLang,,0,2025-10-16T18:03:53.438633,26474,.md
"hcvlang_mana_orchestration.rs",HCVLang,,0,2025-10-16T18:04:04.953468,20313,.rs
"hcvlang_mana_orchestration(1).rs",HCVLang,,1,2025-10-16T18:04:06.676777,20313,.rs
"hcvlang_attractor_memory.rs",HCVLang,,0,2025-10-16T18:04:19.680171,16145,.rs
"hcvlang_time_crystal.rs",HCVLang,,0,2025-10-16T18:04:35.651094,13066,.rs
"hcvlang_swarm_gso.rs",HCVLang,,0,2025-10-16T18:04:51.278386,17038,.rs
"hcvlang_neural_primitives.rs",HCVLang,,0,2025-10-16T18:05:10.722478,16716,.rs
"hcvlang_double_helix.rs",HCVLang,,0,2025-10-16T18:05:30.434480,16351,.rs
"hcvlang_math_core.rs",HCVLang,,0,2025-10-16T18:05:57.401651,15125,.rs
"acc_integrated_system.py",Other,,0,2025-10-16T18:08:46.640015,18212,.py
"cyl_acc_integration_guide.md",Other,,0,2025-10-16T18:08:57.050913,18021,.md
"cyl_time_acc_noise.py",Other,,0,2025-10-16T18:09:09.263086,18321,.py
"cyl_time_acc_gaussian.py",Other,,0,2025-10-16T18:09:23.779047,18808,.py
"cyl_time_acc_cmix.py",Other,,0,2025-10-16T18:09:37.842399,20294,.py
"acc_core_ring_ops.py",Other,,0,2025-10-16T18:09:48.918520,13688,.py
"acc_core_ring_ops(1).py",Other,,1,2025-10-16T18:10:04.537195,13688,.py
"acc_deployment_guide.md",Other,,0,2025-10-16T18:11:22.635545,28152,.md
"acc_integration_tests.py",Other,,0,2025-10-16T18:11:32.299886,8862,.py
"acc_refresh_protocol.py",Other,,0,2025-10-16T18:11:41.475443,6424,.py
"acc_float_quarantine.py",Other,,0,2025-10-16T18:11:55.899908,42163,.py
"acc_crypto_core.py",Other,,0,2025-10-16T18:12:13.783104,45560,.py
"acc_ring_ops.py",Other,,0,2025-10-16T18:12:28.868269,37682,.py
"hcvlang_holographic_primitives.md",HCVLang,,0,2025-10-16T18:14:56.050868,18911,.md
"svd_holographic_storage.rs",Geometric,,0,2025-10-16T18:15:09.267023,26191,.rs
"mobius_topology_guide.md",Other,,0,2025-10-16T18:15:19.422527,21094,.md
"cosmos_integration.rs",COSMOS,,0,2025-10-16T18:15:33.580288,29843,.rs
"cosmos_integration_guide.md",COSMOS,,0,2025-10-16T18:15:43.285394,15713,.md
"formal_verification_completion.txt",Other,,0,2025-10-16T18:15:51.605485,10234,.txt
"researcher_guide_complete.md",Other,,0,2025-10-16T18:17:03.785275,25775,.md
"developer_guide_complete.md",Other,,0,2025-10-16T18:17:18.683438,34048,.md
"user_guide_complete.md",Other,,0,2025-10-16T18:17:33.673602,36260,.md
"hcvlang-geometric-primitives.txt",HCVLang,,0,2025-10-16T18:19:05.621062,39715,.txt
"hcvlang-integer-native.txt",HCVLang,,0,2025-10-16T18:19:16.723321,17683,.txt
"mana-qmnf-implementation.rs",MANA,,0,2025-10-16T18:19:31.098874,33521,.rs
"hcvlang-qmnf-implementation.txt",HCVLang,,0,2025-10-16T18:19:40.437123,18357,.txt
"mana_sequence_engine.py",MANA,,0,2025-10-16T18:56:27.797971,21465,.py
"test_harness.py",Other,,0,2025-10-16T18:56:48.799161,34911,.py
"unified_config.py",Other,,0,2025-10-16T18:57:06.868324,22978,.py
"unified_qmnf.py",Other,,0,2025-10-16T18:58:15.460945,36519,.py
"qmnf_bridge.py",Other,,0,2025-10-16T18:58:40.478172,21013,.py
"`.md",Other,,0,2025-10-16T19:02:43.972376,4706,.md
"maa_implementation_summary.md",MAA,,0,2025-10-16T19:06:01.933168,24681,.md
"maa_criterion_benchmarks.rs",MAA,,0,2025-10-16T19:06:17.844403,11857,.rs
"maa_migration_guide.md",MAA,,0,2025-10-16T19:06:35.409472,20476,.md
"maa_troubleshooting.md",MAA,,0,2025-10-16T19:06:49.494553,19454,.md
"maa_lean_verification.txt",MAA,,0,2025-10-16T19:07:02.942514,6414,.txt
"maa_file_encryption_example.rs",MAA,,0,2025-10-16T19:07:19.276201,12911,.rs
"maa_security_audit.md",MAA,,0,2025-10-16T19:07:37.418033,22274,.md
"maa_ct_verification.rs",MAA,,0,2025-10-16T19:07:55.176109,11033,.rs
"maa_example_secure_messaging.rs",MAA,,0,2025-10-16T19:08:10.959467,7407,.rs
"maa_ci_workflow.txt",MAA,,0,2025-10-16T19:08:27.078433,10779,.txt
"maa_acc_integration.rs",MAA,,0,2025-10-16T19:08:49.690412,11060,.rs
"maa_readme.md",MAA,,0,2025-10-16T19:09:25.534012,12615,.md
"maa_modular_arith.rs",MAA,,0,2025-10-16T19:10:37.542287,18272,.rs
"maa_validation.rs",MAA,,0,2025-10-16T19:10:57.250842,16397,.rs
"maa_testing_framework.rs",MAA,,0,2025-10-16T19:11:33.187327,19542,.rs
"maa_benchmarks.md",MAA,,0,2025-10-16T19:11:53.232436,5364,.md
"maa_user_guide.md",MAA,,0,2025-10-16T19:12:15.796813,16963,.md
"maa_integration_guide.md",MAA,,0,2025-10-16T19:12:32.329865,26598,.md
"maa_test_log.md",MAA,,0,2025-10-16T19:12:50.020492,16876,.md
"maa_cargo_workspace.txt",MAA,,0,2025-10-16T19:13:04.247215,1327,.txt
"maa_math_apollonian_cargo.txt",Geometric,,0,2025-10-16T19:13:22.612417,731,.txt
"maa_crypto_cargo.txt",MAA,,0,2025-10-16T19:13:36.490190,1000,.txt
"maa_lib_main.rs",MAA,,0,2025-10-16T19:13:50.689250,3899,.rs
"maa_domain_separation.rs",MAA,,0,2025-10-16T19:14:06.110524,4511,.rs
"maa_kat_vectors.json",MAA,,0,2025-10-16T19:14:29.798516,6725,.json
"integration_test_suite.rs",Other,,0,2025-10-16T19:15:51.375840,5371,.rs
"phase_locked_oscillator.rs",Other,,0,2025-10-16T19:16:06.570215,25099,.rs
"qmnf_hypervector_semantic.rs",Other,,0,2025-10-16T19:16:21.928384,24459,.rs
"cosmos_execution_plan.md",COSMOS,,0,2025-10-16T19:16:34.785525,33762,.md
"gso_corrected_modulus.rs",GSO/Hive,,0,2025-10-16T19:17:50.608357,14148,.rs
"gso_critical_review.md",GSO/Hive,,0,2025-10-16T19:18:03.603499,29457,.md
"gso_project_completion.md",GSO/Hive,,0,2025-10-16T19:18:16.849695,20391,.md
"gso_user_documentation.md",GSO/Hive,,0,2025-10-16T19:18:29.504783,28457,.md
"gso_test_execution_summary.txt",GSO/Hive,,0,2025-10-16T19:18:45.007535,14787,.txt
"gso_comprehensive_tests.rs",GSO/Hive,,0,2025-10-16T19:19:05.166175,23549,.rs
"gso_formal_verification.txt",GSO/Hive,,0,2025-10-16T19:19:23.136372,12749,.txt
"gso_phase3_review.txt",GSO/Hive,3,0,2025-10-16T19:20:13.137920,18608,.txt
"gso_mana_governance.rs",GSO/Hive,,0,2025-10-16T19:20:36.845180,21052,.rs
"gso_maa_integration.rs",MAA,,0,2025-10-16T19:20:56.214393,18221,.rs
"gso_cosmos_integration.rs",GSO/Hive,,0,2025-10-16T19:21:20.807662,22920,.rs
"gso_phase1_2_review.txt",GSO/Hive,1,0,2025-10-16T19:21:58.513368,16876,.txt
"gso_core_algorithm.rs",GSO/Hive,,0,2025-10-16T19:22:18.315293,23756,.rs
"gso_qmnf_integration.rs",GSO/Hive,,0,2025-10-16T19:29:14.654212,17715,.rs
"gso_descartes_ecc.rs",GSO/Hive,,0,2025-10-16T19:29:32.759058,15685,.rs
"apollonian_storage.rs",Geometric,,0,2025-10-16T19:32:26.411961,37362,.rs
"retrieval_integrity.rs",Other,,0,2025-10-16T19:32:54.211265,40072,.rs
"geometric_primitives_specification.md",Geometric,,0,2025-10-16T19:34:48.611518,35231,.md
"qmnf_performance_analysis.py",Other,,0,2025-10-16T19:38:23.760875,29218,.py
"det_seq_docs.md",DeterministicSequence,,0,2025-10-16T19:39:03.420310,6100,.md
"det_seq_tests.py",DeterministicSequence,,0,2025-10-16T19:39:19.097481,34896,.py
"det_seq_engine.py",DeterministicSequence,,0,2025-10-16T19:39:33.389638,41982,.py
